class,x0,x1,x2,x3,x4,x5,x6,x7,x8,x9,x10,x11,x12,x13,x14,x15,x16,x17,x18,x19,x20,y0,y1,y2,y3,y4,y5,y6,y7,y8,y9,y10,y11,y12,y13,y14,y15,y16,y17,y18,y19,y20
Backspace,0.808125376701355,0.7712209224700928,0.6947341561317444,0.6139118671417236,0.5404753684997559,0.6915698051452637,0.5393260717391968,0.44832295179367065,0.3806433379650116,0.6996668577194214,0.5195906758308411,0.41246771812438965,0.3385457396507263,0.6924832463264465,0.5191337466239929,0.4180499315261841,0.34841179847717285,0.6764610409736633,0.5415022969245911,0.465798556804657,0.4092556834220886,0.5956780910491943,0.4804482161998749,0.36851590871810913,0.33056625723838806,0.3306507170200348,0.30841976404190063,0.32010719180107117,0.3404689133167267,0.35483959317207336,0.38314831256866455,0.396709144115448,0.41029998660087585,0.41711390018463135,0.47664931416511536,0.4842933416366577,0.49607837200164795,0.5006574392318726,0.5818044543266296,0.5727900862693787,0.5647342205047607,0.5512268543243408
Backspace,0.8587502241134644,0.8056929111480713,0.7125627994537354,0.6210722327232361,0.5498231053352356,0.6976874470710754,0.5392982959747314,0.44428327679634094,0.37726348638534546,0.708587646484375,0.5220053195953369,0.4137842357158661,0.3371270000934601,0.7087703943252563,0.5263843536376953,0.42337703704833984,0.35243433713912964,0.6983055472373962,0.5514682531356812,0.4719375967979431,0.41383516788482666,0.5847694873809814,0.4600517451763153,0.3641008734703064,0.33713841438293457,0.3423457145690918,0.2716639041900635,0.29396623373031616,0.31333237886428833,0.3249024748802185,0.35438263416290283,0.3747268319129944,0.3845142424106598,0.3960478901863098,0.45794448256492615,0.46864941716194153,0.47706595063209534,0.48602449893951416,0.5725594758987427,0.5658777356147766,0.5576514005661011,0.5445781350135803
Backspace,0.879386305809021,0.8393331170082092,0.7659380435943604,0.696658730506897,0.635569155216217,0.7124035358428955,0.5452853441238403,0.44822436571121216,0.3801557719707489,0.7185190916061401,0.524625301361084,0.4147133231163025,0.33846667408943176,0.7166606783866882,0.5286086797714233,0.4240943193435669,0.3523469865322113,0.7098057866096497,0.5551494359970093,0.4739413857460022,0.4124215841293335,0.6245900988578796,0.48234379291534424,0.3587980568408966,0.29537132382392883,0.26923543214797974,0.27679377794265747,0.28996893763542175,0.3055386543273926,0.3134317398071289,0.35600993037223816,0.37140771746635437,0.3778442442417145,0.38203516602516174,0.45879775285720825,0.4644164443016052,0.4710002541542053,0.4746665358543396,0.5756632089614868,0.5629130005836487,0.5518684387207031,0.5334605574607849
Backspace,0.8752530813217163,0.8297058343887329,0.7594888210296631,0.6906334757804871,0.6300806403160095,0.7092752456665039,0.5381746292114258,0.44182899594306946,0.37299609184265137,0.7143582105636597,0.5148283243179321,0.4042753279209137,0.3278588652610779,0.7111061215400696,0.5199198722839355,0.41638755798339844,0.3459392189979553,0.7029742002487183,0.5478360652923584,0.46986740827560425,0.41184356808662415,0.6384233832359314,0.4812925457954407,0.3549841046333313,0.29368871450424194,0.2682966887950897,0.280881404876709,0.2848057746887207,0.302177369594574,0.31014174222946167,0.36725395917892456,0.3733377158641815,0.37821805477142334,0.38060104846954346,0.4733732342720032,0.4683680832386017,0.47139862179756165,0.4721236526966095,0.5891196131706238,0.5663779973983765,0.5533749461174011,0.5353025197982788
Backspace,0.8825955986976624,0.837055504322052,0.765569269657135,0.7023546099662781,0.643802285194397,0.7037632465362549,0.5300686359405518,0.43423330783843994,0.36728590726852417,0.7105422616004944,0.5102456212043762,0.4021139144897461,0.32778802514076233,0.7095537185668945,0.5168216228485107,0.41471928358078003,0.3448790907859802,0.7055780291557312,0.5483453273773193,0.46958959102630615,0.4105498790740967,0.6440073251724243,0.48108282685279846,0.3558771014213562,0.28393951058387756,0.24837614595890045,0.2824219763278961,0.28510090708732605,0.3022589087486267,0.3119348883628845,0.36812689900398254,0.37128353118896484,0.37916722893714905,0.38629260659217834,0.4736371636390686,0.46766921877861023,0.47373729944229126,0.4769633114337921,0.5866668224334717,0.5618869662284851,0.5470632910728455,0.5271173119544983
Backspace,0.879787027835846,0.8304909467697144,0.7578980922698975,0.6952827572822571,0.6405473351478577,0.7000860571861267,0.5285521745681763,0.43493738770484924,0.3668391704559326,0.7073761224746704,0.5093265771865845,0.4021485447883606,0.32592150568962097,0.7073657512664795,0.5152430534362793,0.41243743896484375,0.3393930494785309,0.7054200768470764,0.5474563241004944,0.4682323932647705,0.406258761882782,0.6584859490394592,0.49677836894989014,0.376828670501709,0.3114572763442993,0.27622056007385254,0.2922995686531067,0.28946375846862793,0.3055058717727661,0.3160044550895691,0.3758862018585205,0.3755079507827759,0.38365253806114197,0.3916635513305664,0.47917506098747253,0.4679979383945465,0.4727669954299927,0.475599080324173,0.5911743640899658,0.5662815570831299,0.5534103512763977,0.5368856191635132
Backspace,0.8296254873275757,0.7987384796142578,0.731398344039917,0.6611008048057556,0.5902504324913025,0.7003883719444275,0.5408228039741516,0.4451502561569214,0.3734610080718994,0.7081395983695984,0.5179768204689026,0.4018092453479767,0.3220726251602173,0.7025209665298462,0.5219622254371643,0.41342002153396606,0.3393239974975586,0.6886935830116272,0.5459144115447998,0.4676893949508667,0.4109775125980377,0.5967170596122742,0.4679240584373474,0.34523048996925354,0.28691351413726807,0.2926463782787323,0.2932957410812378,0.29854246973991394,0.31564173102378845,0.32763200998306274,0.3688322603702545,0.38316380977630615,0.3943377733230591,0.3989866375923157,0.46670565009117126,0.4704439640045166,0.4758051037788391,0.4751722812652588,0.5791594982147217,0.5668460726737976,0.5565375089645386,0.540128231048584
Backspace,0.8737939596176147,0.8203991651535034,0.7494828104972839,0.6916443705558777,0.6411412954330444,0.6926656365394592,0.5245879888534546,0.4347909986972809,0.3701866567134857,0.7025531530380249,0.5050463676452637,0.4021550118923187,0.32700061798095703,0.7040402293205261,0.511444091796875,0.41080665588378906,0.33758288621902466,0.7019690275192261,0.5424765944480896,0.46598631143569946,0.4060174226760864,0.658795952796936,0.496789813041687,0.378387987613678,0.3087098002433777,0.2662597894668579,0.2917367219924927,0.29609042406082153,0.31326794624328613,0.32617586851119995,0.3667380213737488,0.3764585256576538,0.3896976113319397,0.40045812726020813,0.4633062481880188,0.46539998054504395,0.4756292998790741,0.48029839992523193,0.5715072751045227,0.5592736601829529,0.5571112632751465,0.5501291751861572
Backspace,0.8852816820144653,0.8258419036865234,0.7460222244262695,0.6781816482543945,0.6210891008377075,0.6921152472496033,0.5257282257080078,0.4365602135658264,0.37094271183013916,0.7031347155570984,0.5057215690612793,0.4048573076725006,0.3313094675540924,0.706000030040741,0.5132585167884827,0.4127849340438843,0.33947479724884033,0.7052271962165833,0.5464903116226196,0.4688119888305664,0.4071611762046814,0.6448703408241272,0.489193856716156,0.3811631202697754,0.3280618488788605,0.30807602405548096,0.28835970163345337,0.3000168800354004,0.3164225220680237,0.32766008377075195,0.3625710606575012,0.37721380591392517,0.39043790102005005,0.4014708995819092,0.45939597487449646,0.46557506918907166,0.4750189483165741,0.47887200117111206,0.568626344203949,0.5585609078407288,0.5532312393188477,0.5416851043701172
Backspace,0.8738076686859131,0.8216373920440674,0.7504386305809021,0.6848341226577759,0.6281343698501587,0.6961808204650879,0.5264991521835327,0.4337339699268341,0.3683428168296814,0.7067524194717407,0.507889986038208,0.404796302318573,0.3314322829246521,0.7080836892127991,0.516007661819458,0.4143322706222534,0.34279748797416687,0.7050241827964783,0.546014130115509,0.4680289030075073,0.4085436165332794,0.6578459739685059,0.49965888261795044,0.38120222091674805,0.3217581510543823,0.294194757938385,0.2865370213985443,0.2964792847633362,0.3170085549354553,0.3296104073524475,0.3641585409641266,0.37880459427833557,0.39283180236816406,0.401755690574646,0.4618779718875885,0.46908146142959595,0.47740206122398376,0.4809052646160126,0.5698429942131042,0.5608237981796265,0.5582317113876343,0.552152156829834
Backspace,0.8842614889144897,0.8260810971260071,0.7484568953514099,0.686228334903717,0.6350837349891663,0.692448079586029,0.5257633924484253,0.43579068779945374,0.3702086806297302,0.7047263383865356,0.5072041749954224,0.4062480926513672,0.3327029049396515,0.7094907760620117,0.5154934525489807,0.4146830141544342,0.3413079082965851,0.7103914618492126,0.5496593117713928,0.47067350149154663,0.40860533714294434,0.6500946283340454,0.49384450912475586,0.38349395990371704,0.3231167197227478,0.28513291478157043,0.2878473997116089,0.30178993940353394,0.3188849687576294,0.3283310532569885,0.3577764928340912,0.3790827691555023,0.39791035652160645,0.4076482653617859,0.45267239212989807,0.46360328793525696,0.47749385237693787,0.48094525933265686,0.5627424716949463,0.5580499768257141,0.5573253035545349,0.548286497592926
Backspace,0.8752836585044861,0.8229513168334961,0.7475104331970215,0.6834927797317505,0.6309654116630554,0.6887691020965576,0.5248972177505493,0.4357594847679138,0.36996522545814514,0.7013522386550903,0.5071192383766174,0.40548545122146606,0.33002880215644836,0.7069510221481323,0.5167744755744934,0.41621851921081543,0.3423716425895691,0.7097192406654358,0.5517945289611816,0.4744846224784851,0.4140026569366455,0.6680483222007751,0.5105076432228088,0.3997402787208557,0.3392883837223053,0.3089417517185211,0.29746150970458984,0.3063955307006836,0.3236296772956848,0.33859318494796753,0.3669402003288269,0.3834069073200226,0.4002719521522522,0.41379454731941223,0.46048638224601746,0.4693416953086853,0.4815007746219635,0.4870891273021698,0.5684264898300171,0.5603905916213989,0.5604336857795715,0.5553885698318481
Backspace,0.8207182884216309,0.7832652926445007,0.698224663734436,0.6069827079772949,0.527525007724762,0.6933592557907104,0.5384141802787781,0.4408298134803772,0.36662137508392334,0.7059599757194519,0.5191224217414856,0.40114638209342957,0.3194481432437897,0.704535186290741,0.5224254131317139,0.41245490312576294,0.33732694387435913,0.6915286183357239,0.5481951236724854,0.46593940258026123,0.4048445522785187,0.61204594373703,0.49516502022743225,0.38382863998413086,0.3468087911605835,0.345251202583313,0.29042232036590576,0.30322808027267456,0.3213314116001129,0.3354175090789795,0.35733333230018616,0.3838128447532654,0.40075263381004333,0.4112600088119507,0.4504813253879547,0.4697790741920471,0.4813648462295532,0.4850418269634247,0.5636774897575378,0.5667093396186829,0.5601440072059631,0.5409499406814575
Backspace,0.8787031769752502,0.8199453949928284,0.7452153563499451,0.6815038323402405,0.6269909739494324,0.6915854215621948,0.5233108997344971,0.43448901176452637,0.3698267340660095,0.7049486637115479,0.5057717561721802,0.4048309326171875,0.33014023303985596,0.7094261050224304,0.5149703025817871,0.4137078523635864,0.3390079736709595,0.7087171077728271,0.5471577048301697,0.46868371963500977,0.40657979249954224,0.6557465195655823,0.5005658864974976,0.38995978236198425,0.3281915783882141,0.3002452254295349,0.29264432191848755,0.3061900734901428,0.32481616735458374,0.3373565673828125,0.3609420657157898,0.384533166885376,0.4040234088897705,0.41631314158439636,0.4538247287273407,0.471095472574234,0.4839164912700653,0.4885779619216919,0.5611549019813538,0.5592159032821655,0.5603863596916199,0.5547111630439758
Backspace,0.8755208849906921,0.8185139894485474,0.7401472926139832,0.6706497073173523,0.6107454895973206,0.6869722008705139,0.5184004306793213,0.4285840392112732,0.36412814259529114,0.701514482498169,0.5015889406204224,0.40244364738464355,0.33002549409866333,0.7072199583053589,0.5112026929855347,0.4107334613800049,0.3381761610507965,0.7077041864395142,0.5445693135261536,0.46592265367507935,0.4046483337879181,0.6557182669639587,0.5045505166053772,0.39594778418540955,0.34064534306526184,0.32243555784225464,0.2899087071418762,0.3058144152164459,0.3254796266555786,0.33881863951683044,0.35650333762168884,0.38142696022987366,0.40409010648727417,0.41768401861190796,0.44872981309890747,0.46635130047798157,0.48321789503097534,0.4896726906299591,0.5564446449279785,0.5580328702926636,0.5602575540542603,0.5537450313568115
Backspace,0.8709412217140198,0.8175544142723083,0.7410531044006348,0.6790031790733337,0.6278566122055054,0.6852380633354187,0.5175043940544128,0.42858487367630005,0.36382052302360535,0.698939323425293,0.5004993677139282,0.39974087476730347,0.3263626992702484,0.7052109241485596,0.5117102265357971,0.4106278121471405,0.3367827534675598,0.7075202465057373,0.5473664402961731,0.4667273461818695,0.4026533365249634,0.6588959693908691,0.5016542673110962,0.38969653844833374,0.3277866542339325,0.2914105951786041,0.2944868803024292,0.31072139739990234,0.3307124376296997,0.3438279628753662,0.3643038868904114,0.38715803623199463,0.4066585600376129,0.4187379777431488,0.45868444442749023,0.4720870554447174,0.48678314685821533,0.49244919419288635,0.5675032734870911,0.5655641555786133,0.5664524435997009,0.5601149201393127
Backspace,0.8735526204109192,0.8191395998001099,0.7411609888076782,0.6713568568229675,0.6132773160934448,0.6857653260231018,0.517376720905304,0.42885151505470276,0.36388099193573,0.6989122033119202,0.4987906515598297,0.3982286751270294,0.3249978721141815,0.7048914432525635,0.5103203654289246,0.40845298767089844,0.334402471780777,0.7068210244178772,0.5459539294242859,0.46496331691741943,0.4003969430923462,0.6547929644584656,0.5020011067390442,0.39296311140060425,0.34014785289764404,0.3210528492927551,0.2926410138607025,0.3130229711532593,0.33426278829574585,0.34777918457984924,0.36368292570114136,0.39255523681640625,0.41422367095947266,0.4260411858558655,0.4590165913105011,0.47363075613975525,0.4891452491283417,0.49483218789100647,0.5689600110054016,0.5682457685470581,0.571135401725769,0.5663332343101501
Backspace,0.8104024529457092,0.7721842527389526,0.6873713135719299,0.5990307927131653,0.522355854511261,0.6900922060012817,0.5280327200889587,0.43162035942077637,0.3555779755115509,0.7013372182846069,0.5137012004852295,0.3957616090774536,0.31332772970199585,0.6978287100791931,0.5165460109710693,0.4061899185180664,0.3313360810279846,0.6850511431694031,0.543136477470398,0.4612816870212555,0.3997974991798401,0.5874871611595154,0.4701560139656067,0.35396990180015564,0.32416704297065735,0.3476458787918091,0.2925150394439697,0.3131221532821655,0.3305433690547943,0.3390885889530182,0.3669654130935669,0.38533666729927063,0.4019617438316345,0.4076646566390991,0.4604395031929016,0.4751098155975342,0.49033933877944946,0.4911974370479584,0.5683082938194275,0.5674068331718445,0.562124490737915,0.5471543669700623
Backspace,0.8689672946929932,0.8126347064971924,0.7384284734725952,0.675763726234436,0.6211694478988647,0.6833556890487671,0.5147510170936584,0.42585664987564087,0.36180323362350464,0.6965075135231018,0.498529314994812,0.3994448184967041,0.3269844353199005,0.702025294303894,0.5086864233016968,0.4093083143234253,0.3367006182670593,0.7032530307769775,0.5444449186325073,0.46634602546691895,0.4046873450279236,0.6473040580749512,0.4977967143058777,0.38802358508110046,0.3300062417984009,0.30348414182662964,0.2900369167327881,0.3074246644973755,0.32903170585632324,0.34281206130981445,0.3605991005897522,0.3857213854789734,0.40717965364456177,0.4199458360671997,0.45435312390327454,0.4703103303909302,0.48527607321739197,0.49104371666908264,0.5612755417823792,0.5616044998168945,0.5663042068481445,0.5647547841072083
Backspace,0.8717774748802185,0.8167935013771057,0.7390854954719543,0.6751699447631836,0.6236969828605652,0.680982232093811,0.5147271752357483,0.42470359802246094,0.35975968837738037,0.6934388875961304,0.4966168999671936,0.39565783739089966,0.32170015573501587,0.6992387771606445,0.5062122344970703,0.4053516089916229,0.3312090039253235,0.7021867036819458,0.5430269837379456,0.46245789527893066,0.39767807722091675,0.647190511226654,0.4944249391555786,0.3895030617713928,0.3329443633556366,0.3005261719226837,0.2961392104625702,0.309472918510437,0.32863152027130127,0.34422850608825684,0.3644251227378845,0.3863638639450073,0.40553346276283264,0.41759350895881653,0.45675820112228394,0.47044387459754944,0.4849598705768585,0.4905615448951721,0.56435227394104,0.5643317699432373,0.5646113753318787,0.5576559901237488
Backspace,0.8623913526535034,0.8096233606338501,0.7331995964050293,0.6670401096343994,0.6119529604911804,0.6742721199989319,0.508373498916626,0.4188286066055298,0.3536028563976288,0.6906912922859192,0.4923545718193054,0.39143460988998413,0.31703269481658936,0.6988576054573059,0.5037971138954163,0.4019726514816284,0.32756567001342773,0.7017524838447571,0.5396111011505127,0.45700132846832275,0.39174097776412964,0.6546151638031006,0.5020830035209656,0.3938136100769043,0.33950409293174744,0.321397602558136,0.2941209375858307,0.31100553274154663,0.3323044180870056,0.34786689281463623,0.36017531156539917,0.3894719183444977,0.412605345249176,0.4280923306941986,0.45361658930778503,0.47234487533569336,0.48858049511909485,0.4971959590911865,0.5636405348777771,0.5684703588485718,0.5725919604301453,0.5708785057067871
Backspace,0.8789649605751038,0.818958044052124,0.7363861203193665,0.6722826957702637,0.6216707825660706,0.6746386289596558,0.5102372169494629,0.4221518635749817,0.3571851849555969,0.6884798407554626,0.49109846353530884,0.3907098174095154,0.3168925344944,0.6967496275901794,0.5027137994766235,0.4020998477935791,0.3266712427139282,0.7026071548461914,0.5422348380088806,0.4608752727508545,0.39490413665771484,0.6531015634536743,0.5018922090530396,0.3962000012397766,0.3387330174446106,0.3060958981513977,0.30411046743392944,0.32162541151046753,0.3400596082210541,0.3523002564907074,0.36902502179145813,0.39542534947395325,0.4157641530036926,0.4283508062362671,0.4592007100582123,0.4750829339027405,0.4911591708660126,0.4967448115348816,0.5676022171974182,0.5728066563606262,0.577911913394928,0.5750831961631775
Backspace,0.8318952918052673,0.7910219430923462,0.6993827819824219,0.611538827419281,0.5383723378181458,0.674684464931488,0.5195290446281433,0.4236288070678711,0.3536326289176941,0.6887340545654297,0.5005898475646973,0.3883920907974243,0.31170815229415894,0.689587414264679,0.5034472942352295,0.3969149887561798,0.32324549555778503,0.6816477179527283,0.5329800248146057,0.4497070908546448,0.38543233275413513,0.5854710340499878,0.47640734910964966,0.374724417924881,0.3339278995990753,0.3296170234680176,0.2969836890697479,0.32004401087760925,0.3414292335510254,0.3570421636104584,0.3619707226753235,0.3927017152309418,0.41351914405822754,0.4289652109146118,0.45440909266471863,0.4790240526199341,0.49936822056770325,0.5143845677375793,0.5684711933135986,0.5752077102661133,0.5796158313751221,0.5775415301322937
Backspace,0.8750431537628174,0.8149747252464294,0.7357010841369629,0.6672862768173218,0.6120999455451965,0.6743067502975464,0.5042369365692139,0.41406646370887756,0.3488667607307434,0.6888460516929626,0.48929479718208313,0.3873223066329956,0.31284093856811523,0.6947007775306702,0.5002291798591614,0.3996984660625458,0.3267587423324585,0.6959689855575562,0.5329645276069641,0.45327138900756836,0.3909839987754822,0.6509038209915161,0.5006669759750366,0.3935566842556,0.3426257371902466,0.32076430320739746,0.29268187284469604,0.3162460923194885,0.3410469889640808,0.3545888364315033,0.36352673172950745,0.397838830947876,0.4209728240966797,0.4342855215072632,0.45913004875183105,0.48294150829315186,0.5002705454826355,0.5071067810058594,0.5697218775749207,0.577128529548645,0.5861428380012512,0.5883812308311462
Backspace,0.8892351388931274,0.8311765193939209,0.7477401494979858,0.6621239185333252,0.5990115404129028,0.6834415793418884,0.5153949856758118,0.42898279428482056,0.3661220669746399,0.6730114817619324,0.4903438091278076,0.3962402939796448,0.33009350299835205,0.6639953255653381,0.4916476607322693,0.4016876220703125,0.3408525884151459,0.6584856510162354,0.5193280577659607,0.45082491636276245,0.3993099331855774,0.633355975151062,0.4660491943359375,0.3489653170108795,0.3123345971107483,0.32339999079704285,0.28345900774002075,0.30653607845306396,0.32738837599754333,0.3400783836841583,0.37907958030700684,0.39162683486938477,0.4082680344581604,0.42077523469924927,0.48985159397125244,0.4846764802932739,0.4915499985218048,0.49584999680519104,0.6085542440414429,0.5803263783454895,0.5754072666168213,0.5718644261360168
Backspace,0.8906792998313904,0.8527169823646545,0.7784167528152466,0.6853514909744263,0.620309591293335,0.7006166577339172,0.5245270729064941,0.4315672516822815,0.36427342891693115,0.6749761700630188,0.4871189296245575,0.3863697946071625,0.3199457824230194,0.6535093188285828,0.48344266414642334,0.3929317593574524,0.33136725425720215,0.6413334012031555,0.5093533992767334,0.4452069401741028,0.39764994382858276,0.6262543201446533,0.44399315118789673,0.30362969636917114,0.238235741853714,0.220863938331604,0.27375152707099915,0.2703922986984253,0.2763976752758026,0.27871230244636536,0.38541287183761597,0.3601643741130829,0.3466305732727051,0.33955639600753784,0.49841490387916565,0.45813360810279846,0.4338987469673157,0.41556745767593384,0.6097147464752197,0.5441092252731323,0.5113131999969482,0.48217716813087463
Backspace,0.896884560585022,0.8600825667381287,0.7889134883880615,0.706620454788208,0.6494290828704834,0.7098195552825928,0.5218942165374756,0.42224252223968506,0.34767961502075195,0.6859537959098816,0.48429006338119507,0.3784182667732239,0.3073206841945648,0.6625885367393494,0.47908443212509155,0.3799132704734802,0.31147095561027527,0.6444652080535889,0.5032477378845215,0.4325658679008484,0.37933439016342163,0.6228981018066406,0.4428323805332184,0.2876417636871338,0.19830134510993958,0.19169223308563232,0.2683570683002472,0.26078271865844727,0.26357805728912354,0.2636135220527649,0.3827710747718811,0.3559926152229309,0.3418087363243103,0.3348309397697449,0.49915173649787903,0.458199143409729,0.4340568780899048,0.4152715802192688,0.610753059387207,0.5402343273162842,0.5051891803741455,0.47416314482688904
Backspace,0.8974462747573853,0.857689619064331,0.777087926864624,0.6720832586288452,0.5996747016906738,0.699141263961792,0.5073854923248291,0.4058757722377777,0.3326564133167267,0.6763467788696289,0.4720041751861572,0.3606058955192566,0.28547847270965576,0.6557697057723999,0.46879643201828003,0.3635675609111786,0.29148465394973755,0.6410002708435059,0.4943922758102417,0.4226731061935425,0.3688415586948395,0.6290428638458252,0.44258227944374084,0.28737831115722656,0.22453996539115906,0.24779854714870453,0.27267998456954956,0.2686353921890259,0.27616798877716064,0.27867335081100464,0.3969709575176239,0.37140196561813354,0.3561072051525116,0.3456796109676361,0.5199764966964722,0.4803883135318756,0.45396479964256287,0.43277326226234436,0.6352152228355408,0.5653635263442993,0.5342040657997131,0.5090949535369873
Backspace,0.8887616991996765,0.8422399163246155,0.751570463180542,0.631921648979187,0.554624617099762,0.682826578617096,0.490561842918396,0.3867359161376953,0.31189924478530884,0.6596109867095947,0.45156538486480713,0.33619779348373413,0.25949758291244507,0.6396577954292297,0.45015841722488403,0.3438599109649658,0.2726457417011261,0.6268240809440613,0.477877140045166,0.40173736214637756,0.34335532784461975,0.633618950843811,0.4437406659126282,0.28851985931396484,0.2465883195400238,0.2855057716369629,0.2789892554283142,0.28088676929473877,0.2929261028766632,0.30050599575042725,0.4044497013092041,0.3881601393222809,0.37983348965644836,0.3739006221294403,0.527255117893219,0.49328407645225525,0.47377559542655945,0.4593835175037384,0.6437133550643921,0.5916880965232849,0.5720914602279663,0.5578718185424805
Backspace,0.8775995969772339,0.8297880291938782,0.7451305985450745,0.6473262310028076,0.5803694725036621,0.6642317771911621,0.4732103943824768,0.37493187189102173,0.3027366101741791,0.6465967297554016,0.4402656555175781,0.329680860042572,0.25523707270622253,0.6312832236289978,0.4411044120788574,0.33682340383529663,0.2643972635269165,0.6220897436141968,0.46904221177101135,0.3918214440345764,0.33129236102104187,0.6314048767089844,0.4435063600540161,0.30020153522491455,0.23779743909835815,0.2518402934074402,0.2776161730289459,0.2871088981628418,0.2996314764022827,0.30637234449386597,0.39092010259628296,0.3844931721687317,0.3795541524887085,0.3775925040245056,0.5093435049057007,0.48302996158599854,0.4700581133365631,0.45962831377983093,0.6266928911209106,0.5892626047134399,0.5731614828109741,0.5566020607948303
Backspace,0.879352867603302,0.8200626373291016,0.7206398844718933,0.5965586304664612,0.5175611972808838,0.6647530794143677,0.4728267788887024,0.3743644952774048,0.3032470941543579,0.6483299732208252,0.4413312077522278,0.32810041308403015,0.2505030930042267,0.6339978575706482,0.44436103105545044,0.3359397351741791,0.2598024904727936,0.6255735754966736,0.47484418749809265,0.3970335125923157,0.3353232145309448,0.6165632009506226,0.4315781891345978,0.29875802993774414,0.27873656153678894,0.3113555908203125,0.2680166959762573,0.2866869270801544,0.3046017289161682,0.3110659420490265,0.3928251564502716,0.3901939392089844,0.3859349489212036,0.38204097747802734,0.5156093239784241,0.4899265170097351,0.4744846224784851,0.460905522108078,0.6318148374557495,0.5858582258224487,0.5649909377098083,0.5459884405136108
Backspace,0.7990744709968567,0.7735709547996521,0.688276469707489,0.5960275530815125,0.5322058796882629,0.6638144254684448,0.48849156498908997,0.38548189401626587,0.3039397597312927,0.6554244756698608,0.45658841729164124,0.3363562822341919,0.2530755400657654,0.638364315032959,0.45882612466812134,0.3479413092136383,0.27314430475234985,0.6214901804924011,0.48319941759109497,0.4037446975708008,0.34542497992515564,0.5768958330154419,0.43523699045181274,0.3107714056968689,0.26270923018455505,0.29724183678627014,0.30455926060676575,0.3007950484752655,0.3079477548599243,0.31538087129592896,0.41587358713150024,0.4011486768722534,0.4021216034889221,0.40015238523483276,0.5309029817581177,0.5029836893081665,0.4914265275001526,0.47837018966674805,0.642592191696167,0.600448727607727,0.5774531960487366,0.5554758310317993
Backspace,0.8796308636665344,0.8212460279464722,0.7304906249046326,0.6261765360832214,0.5556311011314392,0.6634772419929504,0.4729517102241516,0.37471264600753784,0.30343884229660034,0.6516739130020142,0.4448311924934387,0.33220720291137695,0.25712746381759644,0.6402036547660828,0.4510316252708435,0.34203657507896423,0.2671024203300476,0.6332957148551941,0.47970134019851685,0.4007362425327301,0.3397110402584076,0.6148772239685059,0.4318213164806366,0.2934003472328186,0.25127023458480835,0.2725633978843689,0.27133360505104065,0.29135662317276,0.3079862594604492,0.31493401527404785,0.3890851140022278,0.39087963104248047,0.38773036003112793,0.38533443212509155,0.5098392963409424,0.4930519163608551,0.4805721640586853,0.46854686737060547,0.6272715926170349,0.5922728776931763,0.5771288275718689,0.5634559392929077
Backspace,0.8788639307022095,0.8189128041267395,0.7280465960502625,0.6274365186691284,0.5596550107002258,0.6648010611534119,0.47317051887512207,0.3760281801223755,0.3057284355163574,0.6510680913925171,0.4439975619316101,0.3317888081073761,0.2561376094818115,0.638416051864624,0.4481864869594574,0.33970212936401367,0.264088898897171,0.6311264038085938,0.4774324893951416,0.3988919258117676,0.3370865285396576,0.6179073452949524,0.43607786297798157,0.3014565110206604,0.260852575302124,0.28878253698349,0.275934100151062,0.2954948842525482,0.3137442469596863,0.3220750093460083,0.3946024179458618,0.3981385827064514,0.3963402807712555,0.3936674892902374,0.5152247548103333,0.4972456693649292,0.48660826683044434,0.4761699438095093,0.6302731037139893,0.5942127704620361,0.5796457529067993,0.5660915374755859
Backspace,0.8748428225517273,0.8167151212692261,0.7286472320556641,0.6311033964157104,0.5626034736633301,0.6569280028343201,0.4667104184627533,0.37078148126602173,0.3015466034412384,0.6446683406829834,0.43917423486709595,0.3288314938545227,0.25536593794822693,0.6338476538658142,0.4457813501358032,0.3408576548099518,0.2683723568916321,0.6287417411804199,0.4759312868118286,0.39875930547714233,0.33830130100250244,0.6155887842178345,0.43615415692329407,0.30024880170822144,0.25316423177719116,0.27605628967285156,0.2803068161010742,0.3002321720123291,0.31797799468040466,0.32690584659576416,0.39694875478744507,0.3997623920440674,0.3987945318222046,0.3980676531791687,0.5172443985939026,0.4974519610404968,0.48854485154151917,0.48158299922943115,0.6342252492904663,0.5995132327079773,0.5871203541755676,0.5764235258102417
Backspace,0.874577522277832,0.8148022890090942,0.7187514901161194,0.6093456149101257,0.5374125242233276,0.6564702987670898,0.4680161476135254,0.37205761671066284,0.3033364713191986,0.6446836590766907,0.43860316276550293,0.3271387815475464,0.2524096667766571,0.6335126161575317,0.4452332854270935,0.33978158235549927,0.26699578762054443,0.6269178986549377,0.47569286823272705,0.398193359375,0.3369256854057312,0.6167893409729004,0.43601033091545105,0.3033725321292877,0.27190589904785156,0.3030833303928375,0.27762675285339355,0.302442729473114,0.32288727164268494,0.33206993341445923,0.3972283601760864,0.4018639028072357,0.40111637115478516,0.39981505274772644,0.5183315277099609,0.498557984828949,0.4888486862182617,0.48111867904663086,0.6344990134239197,0.5972516536712646,0.5810283422470093,0.5669485330581665
Backspace,0.8734016418457031,0.8162869215011597,0.7231406569480896,0.6211353540420532,0.5510447025299072,0.6546456813812256,0.4685313105583191,0.3711051344871521,0.30059176683425903,0.6436370611190796,0.4417707920074463,0.33109843730926514,0.2560672163963318,0.6332820057868958,0.44925493001937866,0.34513360261917114,0.27310848236083984,0.6282200813293457,0.4799802303314209,0.4038184881210327,0.34400486946105957,0.6217044591903687,0.44141632318496704,0.3092542886734009,0.26848235726356506,0.2893902659416199,0.28000733256340027,0.30580058693885803,0.3259924054145813,0.3371356725692749,0.3970412611961365,0.406597375869751,0.4089561402797699,0.41155946254730225,0.5173689126968384,0.5040755867958069,0.49947959184646606,0.49797433614730835,0.6332173347473145,0.5982643365859985,0.5863800048828125,0.5784516930580139
Backspace,0.8728323578834534,0.8157356381416321,0.7295485138893127,0.6332489848136902,0.566977322101593,0.6532399654388428,0.4702826142311096,0.37586790323257446,0.3067724108695984,0.6404871344566345,0.4445807933807373,0.33597078919410706,0.26186496019363403,0.6312946677207947,0.45251956582069397,0.3491100072860718,0.27738189697265625,0.6292701363563538,0.48289167881011963,0.4063544273376465,0.3454963266849518,0.6189516186714172,0.43594473600387573,0.2998220920562744,0.25050777196884155,0.2641196846961975,0.2843416929244995,0.3050443232059479,0.3222312331199646,0.33141034841537476,0.40236079692840576,0.40369996428489685,0.4041661322116852,0.4052879512310028,0.5216947197914124,0.5001282095909119,0.4931582808494568,0.49045297503471375,0.6353064179420471,0.5974264144897461,0.5843556523323059,0.575538158416748
Backspace,0.8769171237945557,0.8201122283935547,0.730894148349762,0.6333506107330322,0.5690054893493652,0.6607765555381775,0.4734216630458832,0.3781183362007141,0.3087299168109894,0.6487041115760803,0.4453812837600708,0.33718550205230713,0.2652774453163147,0.6381990909576416,0.45092320442199707,0.34704816341400146,0.2748984396457672,0.6335469484329224,0.4802718460559845,0.4037329852581024,0.34383946657180786,0.6098580956459045,0.43220677971839905,0.2988513708114624,0.2480306476354599,0.2728748321533203,0.27613377571105957,0.29965871572494507,0.3197411298751831,0.3302897810935974,0.3910095989704132,0.3972591757774353,0.39838236570358276,0.4006776809692383,0.5104297399520874,0.49359607696533203,0.48738357424736023,0.48289963603019714,0.6269596815109253,0.5950515866279602,0.5829907059669495,0.5716289281845093
Backspace,0.8761292695999146,0.8219946622848511,0.7335577607154846,0.6367706656455994,0.5701345205307007,0.662990391254425,0.4791561961174011,0.3837420344352722,0.31344813108444214,0.6513139009475708,0.45125365257263184,0.34254783391952515,0.26870355010032654,0.6415978074073792,0.4576370418071747,0.3527228534221649,0.2796179950237274,0.6370519995689392,0.48688822984695435,0.40946972370147705,0.3481864035129547,0.6176918148994446,0.43899357318878174,0.30336466431617737,0.2580956220626831,0.2798100709915161,0.281716525554657,0.3025967478752136,0.31964606046676636,0.3281576633453369,0.3936671316623688,0.3997066915035248,0.4008594751358032,0.40091556310653687,0.5102934837341309,0.4958176016807556,0.4894222021102905,0.48347437381744385,0.6238555908203125,0.5913777351379395,0.5800573825836182,0.5704529285430908
Backspace,0.8732974529266357,0.815134584903717,0.7225815653800964,0.6209238767623901,0.5513314008712769,0.6616060733795166,0.4764043092727661,0.38233983516693115,0.31535249948501587,0.6512944102287292,0.45013678073883057,0.3433036208152771,0.2724134922027588,0.6409977674484253,0.4543464779853821,0.3514474332332611,0.2812157869338989,0.6352848410606384,0.4825455844402313,0.40635937452316284,0.34848055243492126,0.6171474456787109,0.434796541929245,0.30299776792526245,0.2655728757381439,0.2911874055862427,0.28231170773506165,0.3049759864807129,0.32689476013183594,0.33768513798713684,0.39997267723083496,0.4058094620704651,0.4061603844165802,0.40530717372894287,0.5191181898117065,0.5056174993515015,0.49677029252052307,0.4890073835849762,0.6312259435653687,0.594617486000061,0.5800910592079163,0.5676696300506592
Backspace,0.8677266836166382,0.8137189149856567,0.7274142503738403,0.6331592798233032,0.5684748888015747,0.6581597924232483,0.47435462474823,0.38140249252319336,0.3140662610530853,0.6490045189857483,0.4490077495574951,0.3407784104347229,0.2661237418651581,0.6396383047103882,0.45452362298965454,0.3510857820510864,0.27817609906196594,0.6345818042755127,0.4830974340438843,0.405941367149353,0.3443182110786438,0.6192015409469604,0.43999579548835754,0.30090391635894775,0.24980752170085907,0.2666109800338745,0.28245866298675537,0.3043699860572815,0.3232048749923706,0.3319374918937683,0.3950254023075104,0.4049680829048157,0.4079943001270294,0.4096546769142151,0.5130246877670288,0.5014700889587402,0.49711447954177856,0.4941733181476593,0.6286496520042419,0.6015453338623047,0.5932968854904175,0.5862625241279602
Backspace,0.8752604722976685,0.8196836113929749,0.7352149486541748,0.6476002335548401,0.5859485268592834,0.6603507995605469,0.4768482744693756,0.3828030228614807,0.3145970404148102,0.6494565606117249,0.4509279727935791,0.3425300419330597,0.268388032913208,0.6407390236854553,0.45939749479293823,0.35346701741218567,0.27880382537841797,0.6384210586547852,0.48711061477661133,0.4090261459350586,0.3470902740955353,0.617377519607544,0.44084206223487854,0.31242620944976807,0.25837385654449463,0.24835333228111267,0.28365054726600647,0.30890098214149475,0.33007752895355225,0.34133338928222656,0.39543330669403076,0.40657275915145874,0.4104476571083069,0.4121931493282318,0.5120071172714233,0.5029945373535156,0.5003790259361267,0.49682313203811646,0.6254763007164001,0.6013736128807068,0.5957129001617432,0.5897502899169922
Backspace,0.8744630813598633,0.8168926239013672,0.7253294587135315,0.6262518763542175,0.560617208480835,0.6597145199775696,0.4760090112686157,0.3830265998840332,0.3160066604614258,0.648624837398529,0.45011335611343384,0.3433050215244293,0.2705879807472229,0.6386563181877136,0.4546465575695038,0.35119470953941345,0.2787827253341675,0.6338385343551636,0.4849085807800293,0.4079132080078125,0.34671667218208313,0.6155396103858948,0.4342486560344696,0.30201923847198486,0.26258620619773865,0.2911982834339142,0.2839643359184265,0.3052605986595154,0.32427364587783813,0.3332107365131378,0.39839673042297363,0.40700197219848633,0.40857982635498047,0.4094997048377991,0.5167977213859558,0.5040878653526306,0.496762752532959,0.4909849762916565,0.6301440000534058,0.5991877913475037,0.585858166217804,0.573334276676178
Backspace,0.8692992925643921,0.8169355392456055,0.7339138388633728,0.6449490785598755,0.5821256041526794,0.6564692258834839,0.4744199514389038,0.38152003288269043,0.3132894039154053,0.6459031105041504,0.4473502039909363,0.3426661491394043,0.27113598585128784,0.6368294358253479,0.45417603850364685,0.3527221381664276,0.281271368265152,0.6336641907691956,0.482179194688797,0.40561556816101074,0.3444640040397644,0.6183261275291443,0.44452041387557983,0.31561243534088135,0.2601011097431183,0.2577402889728546,0.2843695282936096,0.30680325627326965,0.32672351598739624,0.3362511098384857,0.39260584115982056,0.40427547693252563,0.4091133177280426,0.4102482199668884,0.5081631541252136,0.49968254566192627,0.49941790103912354,0.4980740547180176,0.6229424476623535,0.5987895727157593,0.5944327116012573,0.5899975895881653
Backspace,0.8693922758102417,0.8128184080123901,0.724712610244751,0.6287344098091125,0.5623639225959778,0.6573260426521301,0.4725588262081146,0.3801574110984802,0.31481650471687317,0.6466618776321411,0.44588062167167664,0.33795368671417236,0.26452094316482544,0.6371950507164001,0.4530744254589081,0.34906095266342163,0.2763536870479584,0.6332830190658569,0.4834202527999878,0.40722429752349854,0.3473510444164276,0.6157642602920532,0.43791621923446655,0.30421146750450134,0.2580884099006653,0.2739681005477905,0.2809976041316986,0.30955660343170166,0.3331875503063202,0.3437766432762146,0.3934118151664734,0.40605998039245605,0.4109850525856018,0.4133487343788147,0.5101776719093323,0.5025152564048767,0.5005494952201843,0.49766212701797485,0.6238746047019958,0.5915625691413879,0.5818699598312378,0.5734312534332275
Backspace,0.8767015337944031,0.8181362152099609,0.7288961410522461,0.638459324836731,0.5754483938217163,0.6551669836044312,0.47441309690475464,0.38076621294021606,0.31237977743148804,0.6450766921043396,0.4472258687019348,0.3403334319591522,0.2678469717502594,0.6381269097328186,0.4553595185279846,0.35262006521224976,0.2817186713218689,0.6377425789833069,0.4876426160335541,0.4115113914012909,0.352363258600235,0.6149568557739258,0.43620216846466064,0.3059908151626587,0.2557111978530884,0.27150824666023254,0.2850620746612549,0.3129298686981201,0.3356301188468933,0.3473377227783203,0.39422303438186646,0.4105307459831238,0.41729313135147095,0.4218177795410156,0.510450005531311,0.5060849189758301,0.5072823762893677,0.508154034614563,0.6244791746139526,0.6007186770439148,0.594348669052124,0.5884348750114441
Backspace,0.8711540699005127,0.8174223303794861,0.7332562208175659,0.6443912982940674,0.5849767923355103,0.6543753147125244,0.47393798828125,0.3830628991127014,0.3178519904613495,0.6427899599075317,0.44556325674057007,0.3404010534286499,0.2687160074710846,0.6348118782043457,0.4532039761543274,0.35243096947669983,0.28081879019737244,0.635112464427948,0.485074520111084,0.4096679091453552,0.3487316071987152,0.6166030168533325,0.4402748942375183,0.3069530427455902,0.25272446870803833,0.2535771131515503,0.28809571266174316,0.31192779541015625,0.3309294283390045,0.339755117893219,0.3973376750946045,0.40781426429748535,0.4107624292373657,0.41146135330200195,0.5128033757209778,0.5017582774162292,0.4984140992164612,0.4949255883693695,0.628002405166626,0.6016666293144226,0.5933728218078613,0.5850354433059692
Backspace,0.8671630620956421,0.8121410608291626,0.7270905375480652,0.6332143545150757,0.5679326057434082,0.6553813815116882,0.47423821687698364,0.3812388777732849,0.3134000897407532,0.6432757377624512,0.446189284324646,0.33845803141593933,0.2636752426624298,0.6332486867904663,0.45063239336013794,0.3472360670566559,0.27301251888275146,0.6296814680099487,0.4808569550514221,0.40585917234420776,0.34567421674728394,0.6131970286369324,0.4350336194038391,0.2992669343948364,0.25199782848358154,0.27168017625808716,0.2848132848739624,0.30990850925445557,0.3307628035545349,0.342050701379776,0.3959733247756958,0.40682506561279297,0.4098289906978607,0.41305291652679443,0.5116869807243347,0.5012615323066711,0.49539172649383545,0.4914814531803131,0.6248592138290405,0.5935381650924683,0.5806061625480652,0.5688565969467163
Backspace,0.8679111003875732,0.8115307688713074,0.7238900065422058,0.6324636340141296,0.5672503113746643,0.6532630324363708,0.473921000957489,0.38180625438690186,0.3140411078929901,0.641018271446228,0.4439396858215332,0.3375350832939148,0.26495426893234253,0.6315134167671204,0.4483293890953064,0.34544289112091064,0.273660808801651,0.6296599507331848,0.47875547409057617,0.40279558300971985,0.3436792194843292,0.6088272333145142,0.43223702907562256,0.3043804168701172,0.25953954458236694,0.27115598320961,0.2793305814266205,0.3069979250431061,0.32759732007980347,0.3380238115787506,0.38848090171813965,0.40474119782447815,0.4097563624382019,0.41190752387046814,0.5046273469924927,0.5003446340560913,0.49960020184516907,0.49687260389328003,0.6194194555282593,0.6018984913825989,0.5992392301559448,0.5951640009880066
Backspace,0.8671731352806091,0.8117255568504333,0.7252810001373291,0.629364013671875,0.5636140704154968,0.6532095670700073,0.47000816464424133,0.3767494261264801,0.30919453501701355,0.6416916251182556,0.44390177726745605,0.3376014530658722,0.2652818262577057,0.6320306658744812,0.45123475790023804,0.35020023584365845,0.2791216969490051,0.6280852556228638,0.4792279303073883,0.4035111665725708,0.3434268832206726,0.6119953393936157,0.43535518646240234,0.3019399046897888,0.25359416007995605,0.26736122369766235,0.28103476762771606,0.3087350130081177,0.33083605766296387,0.34103596210479736,0.3908884823322296,0.4032684564590454,0.4070468544960022,0.4094460606575012,0.5068265199661255,0.4992929697036743,0.49613916873931885,0.4925665259361267,0.6216505765914917,0.5949722528457642,0.585904598236084,0.5766041278839111
Backspace,0.8674085140228271,0.8094285726547241,0.7195007801055908,0.6218786835670471,0.5558869242668152,0.6516014337539673,0.46961498260498047,0.37597373127937317,0.30818161368370056,0.6413992047309875,0.4422100782394409,0.33587563037872314,0.2642369568347931,0.6334390640258789,0.45018672943115234,0.3467029333114624,0.2755255103111267,0.6315465569496155,0.4814596474170685,0.40494388341903687,0.34528836607933044,0.608668327331543,0.4310950040817261,0.30116772651672363,0.26445841789245605,0.2893036901950836,0.27952322363853455,0.3090408444404602,0.33338093757629395,0.3456313908100128,0.39196112751960754,0.40567564964294434,0.4110037088394165,0.41363978385925293,0.509647786617279,0.49985355138778687,0.496941477060318,0.49438223242759705,0.6249184012413025,0.5934292078018188,0.5823938250541687,0.5737276673316956
Backspace,0.8706477880477905,0.8134677410125732,0.7273558378219604,0.6364428400993347,0.5716615915298462,0.6492692232131958,0.4694291353225708,0.37774232029914856,0.31176233291625977,0.638195812702179,0.4426822066307068,0.3371850550174713,0.2651255130767822,0.6306028366088867,0.4496728777885437,0.3493380546569824,0.2790275812149048,0.6301222443580627,0.482581228017807,0.40767571330070496,0.3475889563560486,0.6082192063331604,0.4326949417591095,0.3017551302909851,0.2521625757217407,0.26171863079071045,0.2788066864013672,0.303641676902771,0.32458436489105225,0.33633139729499817,0.3884913921356201,0.3990713953971863,0.4034061133861542,0.40686875581741333,0.5051578879356384,0.49393630027770996,0.4910256266593933,0.48856931924819946,0.6209790110588074,0.5936093330383301,0.5833342671394348,0.573356568813324
Backspace,0.8752858638763428,0.8149014115333557,0.7255909442901611,0.6311542987823486,0.5659295320510864,0.6567309498786926,0.47483018040657043,0.3828686475753784,0.3164465129375458,0.644568681716919,0.44834280014038086,0.3444262742996216,0.27380847930908203,0.6363098621368408,0.45553910732269287,0.3538573682308197,0.2822521924972534,0.6359581351280212,0.4880709946155548,0.4136740565299988,0.35405105352401733,0.6056880950927734,0.42955127358436584,0.30693650245666504,0.2657741904258728,0.2774825692176819,0.27258560061454773,0.29771143198013306,0.3171238899230957,0.3258642554283142,0.38359570503234863,0.3935202658176422,0.3975708484649658,0.3987239599227905,0.5011536478996277,0.48870980739593506,0.48692676424980164,0.4839840233325958,0.6177363395690918,0.5867535471916199,0.576991617679596,0.5680220723152161
Backspace,0.8743160963058472,0.8161065578460693,0.7272740602493286,0.6324422359466553,0.5658474564552307,0.6629007458686829,0.48034393787384033,0.38750094175338745,0.32066217064857483,0.6536985635757446,0.45489615201950073,0.34951305389404297,0.27652156352996826,0.6460410356521606,0.4622216820716858,0.3605022132396698,0.28831619024276733,0.644173264503479,0.4950549900531769,0.4223465323448181,0.3649344742298126,0.6118732690811157,0.4323635697364807,0.3031919002532959,0.26187366247177124,0.2784058153629303,0.26719585061073303,0.292205274105072,0.3124104142189026,0.3219827115535736,0.37639784812927246,0.3873080015182495,0.39314284920692444,0.39618971943855286,0.4932461678981781,0.48296624422073364,0.48324158787727356,0.4814612865447998,0.6102671027183533,0.5776732563972473,0.5668401122093201,0.5575274229049683
Backspace,0.8799570798873901,0.819450855255127,0.7326367497444153,0.6393183469772339,0.5744072794914246,0.6612523794174194,0.47933143377304077,0.384891539812088,0.31619206070899963,0.6505281329154968,0.4522479772567749,0.3454272747039795,0.27240943908691406,0.6431599259376526,0.4602179527282715,0.3578021228313446,0.28655341267585754,0.6433693170547485,0.49366387724876404,0.4194481372833252,0.361199289560318,0.6104285717010498,0.43025505542755127,0.30987095832824707,0.27707192301750183,0.29077035188674927,0.26942911744117737,0.29457348585128784,0.31568479537963867,0.3261798024177551,0.3763878643512726,0.3905671238899231,0.39607787132263184,0.39874207973480225,0.49154478311538696,0.4876563549041748,0.4881742596626282,0.48578783869743347,0.606960117816925,0.5779901742935181,0.5687316060066223,0.5599008798599243
Backspace,0.8795509338378906,0.825144350528717,0.7414239645004272,0.6565802693367004,0.5940751433372498,0.6568388938903809,0.47726404666900635,0.38529694080352783,0.3193364143371582,0.6463748812675476,0.44956374168395996,0.34371697902679443,0.2706598937511444,0.6394093036651611,0.4581533670425415,0.3550264537334442,0.28079646825790405,0.6411292552947998,0.48967447876930237,0.4127904772758484,0.35119616985321045,0.6167104244232178,0.434422105550766,0.30660924315452576,0.2496059685945511,0.23314543068408966,0.27630484104156494,0.3000183403491974,0.3203812539577484,0.33160102367401123,0.3820595145225525,0.39471229910850525,0.3997868597507477,0.4015069603919983,0.49652811884880066,0.4905959367752075,0.4905381202697754,0.48900240659713745,0.6122646331787109,0.5836302638053894,0.5773380398750305,0.5729115009307861
Backspace,0.881125807762146,0.8255143165588379,0.740307092666626,0.6516830921173096,0.5864823460578918,0.6591827273368835,0.47573933005332947,0.3833159804344177,0.31805840134620667,0.6477580666542053,0.4475529193878174,0.3434223234653473,0.2736123502254486,0.6400009989738464,0.45649850368499756,0.3540729284286499,0.2819938063621521,0.6409909725189209,0.488935649394989,0.4114387035369873,0.35012882947921753,0.6131923198699951,0.43093276023864746,0.30575788021087646,0.25009405612945557,0.24105480313301086,0.27795737981796265,0.29971152544021606,0.3203243613243103,0.3310832679271698,0.38776707649230957,0.3986320495605469,0.40293917059898376,0.40254759788513184,0.5037388801574707,0.49486619234085083,0.4917244017124176,0.48612216114997864,0.6173838376998901,0.5892287492752075,0.5829787254333496,0.5771684646606445
Backspace,0.8808135986328125,0.8218965530395508,0.7325521111488342,0.6413000822067261,0.5766270160675049,0.659402072429657,0.47943586111068726,0.3877103626728058,0.3199182152748108,0.6496148705482483,0.45319148898124695,0.34816160798072815,0.2739717364311218,0.6425313353538513,0.46079716086387634,0.35770541429519653,0.2825831174850464,0.6421358585357666,0.49382925033569336,0.41929322481155396,0.3589887320995331,0.6084761023521423,0.4300575256347656,0.3030250668525696,0.2538207173347473,0.26104646921157837,0.2695116698741913,0.2961127758026123,0.3159602880477905,0.3236459493637085,0.3780374526977539,0.39300039410591125,0.397670179605484,0.3972606062889099,0.49479490518569946,0.4872763156890869,0.48491203784942627,0.47960326075553894,0.6106917262077332,0.5800814628601074,0.569371223449707,0.5588189959526062
Backspace,0.8812134265899658,0.824297308921814,0.7388700246810913,0.655432939529419,0.5954082012176514,0.6563496589660645,0.47756296396255493,0.3862520456314087,0.3199160099029541,0.6462672352790833,0.4510444402694702,0.3464142382144928,0.2732912302017212,0.6400377750396729,0.45927679538726807,0.35768425464630127,0.28340277075767517,0.6424874067306519,0.49389129877090454,0.41856586933135986,0.35690709948539734,0.6094264984130859,0.43386757373809814,0.31169334053993225,0.2527987062931061,0.23743587732315063,0.2774260640144348,0.29933813214302063,0.3189496099948883,0.32867348194122314,0.382379412651062,0.3937651216983795,0.397793173789978,0.39781367778778076,0.4966847002506256,0.48818662762641907,0.48519259691238403,0.479525625705719,0.6121344566345215,0.5814370512962341,0.5705963373184204,0.5594056248664856
Backspace,0.8802967071533203,0.8238843679428101,0.7373696565628052,0.6499293446540833,0.5893099308013916,0.658860445022583,0.48120367527008057,0.39014342427253723,0.32257795333862305,0.6474929451942444,0.45512571930885315,0.3515688478946686,0.27793997526168823,0.6396628618240356,0.4609910845756531,0.3601832985877991,0.285953164100647,0.6404006481170654,0.4933825135231018,0.41876184940338135,0.3577015697956085,0.6082227826118469,0.4322957694530487,0.3072820007801056,0.25497275590896606,0.25174829363822937,0.2770887613296509,0.2994651794433594,0.31810563802719116,0.3273749351501465,0.3877764940261841,0.39608094096183777,0.39772963523864746,0.3959323465824127,0.5033431053161621,0.4898431599140167,0.4837539494037628,0.4764109253883362,0.6158724427223206,0.5828151106834412,0.5704616904258728,0.558030903339386
Backspace,0.8802393674850464,0.8222419023513794,0.7369017601013184,0.6529070138931274,0.5906412601470947,0.6595046520233154,0.48197853565216064,0.3902159631252289,0.32280924916267395,0.6488271951675415,0.45359256863594055,0.3484937250614166,0.2756766378879547,0.6413065791130066,0.4593401849269867,0.3577103614807129,0.28472158312797546,0.6414660215377808,0.49115097522735596,0.41418683528900146,0.3525594472885132,0.6091223955154419,0.4321107268333435,0.3032307028770447,0.24712127447128296,0.24773506820201874,0.27783626317977905,0.30059993267059326,0.31782737374305725,0.3267596364021301,0.38594526052474976,0.39744484424591064,0.3992101848125458,0.39856624603271484,0.5018821358680725,0.4916548728942871,0.48814454674720764,0.483340859413147,0.6163133978843689,0.5895388722419739,0.5796812176704407,0.5695896744728088
Backspace,0.8773198127746582,0.8222436308860779,0.7378348708152771,0.6539387702941895,0.592710554599762,0.6557230949401855,0.4768133759498596,0.3855817914009094,0.319231241941452,0.6455928683280945,0.4495328664779663,0.345063179731369,0.27287548780441284,0.6392926573753357,0.45720282196998596,0.35615232586860657,0.2837628126144409,0.6412798166275024,0.49039000272750854,0.4148281216621399,0.35417112708091736,0.6092009544372559,0.4356304705142975,0.3107971251010895,0.2557728588581085,0.24701741337776184,0.2801409363746643,0.3033856153488159,0.32206907868385315,0.3317202925682068,0.38615214824676514,0.39704272150993347,0.40042349696159363,0.40233880281448364,0.5011900663375854,0.4912157654762268,0.48933082818984985,0.4874750077724457,0.616966962814331,0.5920584201812744,0.5823803544044495,0.5723839998245239
Backspace,0.883641242980957,0.8262247443199158,0.738686740398407,0.6586949825286865,0.6033220887184143,0.6569617390632629,0.4770357012748718,0.3851884603500366,0.31879910826683044,0.6454458236694336,0.44887471199035645,0.3454842269420624,0.2741222679615021,0.6392518877983093,0.45607835054397583,0.35536664724349976,0.28185704350471497,0.6429929733276367,0.4923016130924225,0.41675865650177,0.3551780581474304,0.6052020192146301,0.434994101524353,0.3132825493812561,0.2527475953102112,0.23215313255786896,0.27957311272621155,0.3010061979293823,0.31816062331199646,0.32708728313446045,0.38268086314201355,0.39456743001937866,0.3978945314884186,0.39910590648651123,0.4972180724143982,0.4900481104850769,0.488127738237381,0.48531031608581543,0.6152042150497437,0.5887296795845032,0.5799563527107239,0.5713368058204651
Backspace,0.8823453187942505,0.8197581171989441,0.726352870464325,0.6293721199035645,0.5630283951759338,0.6651850938796997,0.48437052965164185,0.38969096541404724,0.3195665180683136,0.6563565731048584,0.45542722940444946,0.3469216227531433,0.27125731110572815,0.6486845016479492,0.4626619219779968,0.35769400000572205,0.28155314922332764,0.6473121047019958,0.49394720792770386,0.4176722466945648,0.35606849193573,0.6028542518615723,0.4264337718486786,0.3098711371421814,0.2782077491283417,0.2939290702342987,0.2613823115825653,0.29096391797065735,0.31208160519599915,0.32124775648117065,0.36956748366355896,0.38838374614715576,0.3949064314365387,0.3973163366317749,0.48710325360298157,0.4840817153453827,0.4826578199863434,0.4774703085422516,0.6068316698074341,0.5827640295028687,0.5718773007392883,0.5597181916236877
Backspace,0.8840326070785522,0.8219372630119324,0.7323477864265442,0.637854278087616,0.5722988247871399,0.6641174554824829,0.4857630431652069,0.3930386006832123,0.32449665665626526,0.6554214358329773,0.46015504002571106,0.3522527813911438,0.27641797065734863,0.6490065455436707,0.4675748944282532,0.36320027709007263,0.28836387395858765,0.6476952433586121,0.49678218364715576,0.41817691922187805,0.35481327772140503,0.6095364689826965,0.43014389276504517,0.30757930874824524,0.27242201566696167,0.2815254330635071,0.2683255672454834,0.2927875518798828,0.3107140064239502,0.3174472451210022,0.37334543466567993,0.3877943754196167,0.39075836539268494,0.3910028338432312,0.488696813583374,0.48804783821105957,0.4861692786216736,0.4822694957256317,0.606643557548523,0.5854616761207581,0.5777573585510254,0.5700916647911072
Backspace,0.88414466381073,0.8212628364562988,0.7355241179466248,0.6525188088417053,0.5939183235168457,0.6626160740852356,0.4828924238681793,0.39069217443466187,0.32257920503616333,0.655571460723877,0.4582672715187073,0.3509173095226288,0.2756194472312927,0.6505246758460999,0.46557024121284485,0.3603755533695221,0.28478965163230896,0.6512706875801086,0.49877601861953735,0.4195089638233185,0.3555825352668762,0.6080057621002197,0.4302000105381012,0.30650562047958374,0.25600266456604004,0.24690070748329163,0.275345116853714,0.2961884140968323,0.3131626844406128,0.31908053159713745,0.38133856654167175,0.39332106709480286,0.39449313282966614,0.39236122369766235,0.4970852732658386,0.4941149652004242,0.4898841381072998,0.48416468501091003,0.6131289005279541,0.5880380272865295,0.577478289604187,0.5669111609458923
Backspace,0.8902790546417236,0.8287845849990845,0.741435170173645,0.6569423675537109,0.5964973568916321,0.6659860610961914,0.48670515418052673,0.3933747708797455,0.3238029181957245,0.6571449637413025,0.460681676864624,0.3528382480144501,0.27714911103248596,0.6514250636100769,0.4692947566509247,0.3660271465778351,0.2914507985115051,0.6529037952423096,0.5022749900817871,0.42498207092285156,0.36206281185150146,0.6130732893943787,0.4369766116142273,0.3105502128601074,0.2606096565723419,0.2581152021884918,0.2777289152145386,0.3008350133895874,0.318393349647522,0.3255428075790405,0.38464564085006714,0.3953547775745392,0.3962624967098236,0.3943546414375305,0.5002079606056213,0.4919244349002838,0.486327588558197,0.47893026471138,0.6168577671051025,0.5904955863952637,0.5791683793067932,0.5672035217285156
Backspace,0.8877251744270325,0.8283699750900269,0.7438621520996094,0.6642857789993286,0.6040124297142029,0.6674737930297852,0.48715242743492126,0.3948776125907898,0.3283151388168335,0.6586641669273376,0.4592587947845459,0.3526986241340637,0.27933958172798157,0.6519761085510254,0.4656580090522766,0.3625660836696625,0.28870606422424316,0.6518495082855225,0.49769729375839233,0.420729398727417,0.35927459597587585,0.6137323379516602,0.43947315216064453,0.31204158067703247,0.25251075625419617,0.24011878669261932,0.27790671586990356,0.2986451983451843,0.31489765644073486,0.3225666284561157,0.38104307651519775,0.3920826017856598,0.39373019337654114,0.39363229274749756,0.4944063723087311,0.4871634840965271,0.48287326097488403,0.4768161177635193,0.6099033951759338,0.5845537185668945,0.5729308724403381,0.5607215762138367
Backspace,0.8915536403656006,0.8289769887924194,0.7403504252433777,0.6572917103767395,0.5978686213493347,0.667357325553894,0.48663395643234253,0.3929729461669922,0.3235956132411957,0.6609686017036438,0.46161794662475586,0.35403093695640564,0.27770984172821045,0.6570426821708679,0.4708963930606842,0.3668452501296997,0.29095643758773804,0.6593226790428162,0.507736086845398,0.4297219514846802,0.36652088165283203,0.6122922897338867,0.4370148181915283,0.31202125549316406,0.25892648100852966,0.24936407804489136,0.28764456510543823,0.3033790588378906,0.3189045190811157,0.32593950629234314,0.3954508900642395,0.4028911590576172,0.4035561680793762,0.4017293453216553,0.5104427933692932,0.5008063316345215,0.49352791905403137,0.4865726828575134,0.6243732571601868,0.5931394696235657,0.5784230828285217,0.5654257535934448
Backspace,0.887846827507019,0.8248289823532104,0.7351164817810059,0.6415948867797852,0.5766005516052246,0.6690124273300171,0.48939889669418335,0.3968046307563782,0.3292229175567627,0.6618235111236572,0.4604584574699402,0.3538833260536194,0.2814119756221771,0.656600296497345,0.46748968958854675,0.3634803593158722,0.2901608645915985,0.6570172905921936,0.5002394318580627,0.4215198755264282,0.3592793345451355,0.6078919172286987,0.43287551403045654,0.30901455879211426,0.2697816491127014,0.28226178884506226,0.2728230357170105,0.2980097532272339,0.3171709179878235,0.32624679803848267,0.3805163502693176,0.3965633511543274,0.40139949321746826,0.4032635986804962,0.49756190180778503,0.49241653084754944,0.49043717980384827,0.48601090908050537,0.6158128380775452,0.5930868983268738,0.5830549597740173,0.5726125836372375
Backspace,0.8907637596130371,0.8268477916717529,0.7345677614212036,0.640272319316864,0.5751566886901855,0.6691527962684631,0.4887186884880066,0.3952169418334961,0.32760089635849,0.661115825176239,0.4627176821231842,0.35661786794662476,0.28426215052604675,0.6550144553184509,0.46914198994636536,0.36542293429374695,0.29285678267478943,0.6540191173553467,0.502538800239563,0.42377424240112305,0.3604598045349121,0.6122560501098633,0.4383547008037567,0.3162462115287781,0.28391629457473755,0.3011053204536438,0.2770267128944397,0.3012438416481018,0.3210250735282898,0.32940933108329773,0.385283887386322,0.39945662021636963,0.4022159278392792,0.4028249680995941,0.502800703048706,0.49931925535202026,0.4966210424900055,0.4932173192501068,0.6202197074890137,0.5945204496383667,0.5837380290031433,0.5739964842796326
Backspace,0.8929179906845093,0.8292077779769897,0.7382204532623291,0.6531595587730408,0.5934534072875977,0.666602373123169,0.486757755279541,0.3945314884185791,0.327043741941452,0.6586576700210571,0.46267402172088623,0.3573049306869507,0.28416407108306885,0.6532317996025085,0.4696720838546753,0.3656412363052368,0.2907322645187378,0.6543801426887512,0.500826358795166,0.4220776855945587,0.3585047423839569,0.6106850504875183,0.43723541498184204,0.3185437321662903,0.27637630701065063,0.2753105163574219,0.28071874380111694,0.30222004652023315,0.31911319494247437,0.32824867963790894,0.3859784007072449,0.39737868309020996,0.4000017046928406,0.40127894282341003,0.50151526927948,0.49563121795654297,0.4928954839706421,0.4896152913570404,0.6192560195922852,0.5983795523643494,0.5897217392921448,0.581050455570221
Backspace,0.8889350295066833,0.8261333703994751,0.7382997274398804,0.6528462767601013,0.593019962310791,0.6677792072296143,0.48812776803970337,0.395555317401886,0.3271326422691345,0.6586812138557434,0.4614157974720001,0.35525065660476685,0.28117167949676514,0.6518479585647583,0.4687744379043579,0.3671680688858032,0.29375341534614563,0.6518030166625977,0.5007278323173523,0.42499399185180664,0.3636661469936371,0.6128866076469421,0.43852341175079346,0.31596410274505615,0.2690092921257019,0.2715267837047577,0.2791225016117096,0.3008728623390198,0.32034796476364136,0.33009713888168335,0.3839126527309418,0.3964243531227112,0.4018349051475525,0.40454670786857605,0.4988553524017334,0.4941224455833435,0.49345433712005615,0.4907754063606262,0.6159042716026306,0.5939270257949829,0.5855609774589539,0.576188862323761
Backspace,0.8011012077331543,0.7605615258216858,0.6741123199462891,0.5965964794158936,0.5346246361732483,0.6579938530921936,0.5030169486999512,0.40626055002212524,0.33165642619132996,0.6578525900840759,0.4814687669277191,0.36579272150993347,0.285146027803421,0.6499805450439453,0.48527780175209045,0.37565505504608154,0.2996346354484558,0.6391973495483398,0.5118467211723328,0.43309223651885986,0.37479326128959656,0.5807279944419861,0.46283385157585144,0.3598780632019043,0.30760425329208374,0.2988322973251343,0.3188689947128296,0.3200591504573822,0.3310406804084778,0.3389846384525299,0.4086366891860962,0.4055829644203186,0.4124147891998291,0.41432985663414,0.511064887046814,0.5016598701477051,0.5046762824058533,0.5007829666137695,0.6173589825630188,0.5975726246833801,0.5859063863754272,0.5682494640350342
Backspace,0.893960177898407,0.827747106552124,0.7363120913505554,0.6432178020477295,0.5790077447891235,0.6691777110099792,0.48903197050094604,0.3967364728450775,0.3287917971611023,0.6611098647117615,0.46471232175827026,0.3573063015937805,0.28098854422569275,0.6548399329185486,0.4715176224708557,0.36718255281448364,0.29139721393585205,0.6541521549224854,0.5040121078491211,0.4257408082485199,0.36147722601890564,0.6116300821304321,0.4388783276081085,0.3187543451786041,0.2866189777851105,0.30466389656066895,0.27931246161460876,0.3043428659439087,0.32556912302970886,0.33448466658592224,0.3852480947971344,0.39993786811828613,0.40400320291519165,0.40428876876831055,0.5009819269180298,0.4953659772872925,0.4916066527366638,0.4857650101184845,0.6186726093292236,0.5940313935279846,0.5835015773773193,0.5728923678398132
Backspace,0.8937563300132751,0.8275520205497742,0.7406213283538818,0.6589975953102112,0.5989307165145874,0.6711733937263489,0.4889071583747864,0.39528119564056396,0.3263145983219147,0.6643581986427307,0.4624119997024536,0.35517945885658264,0.281325101852417,0.6589333415031433,0.46993762254714966,0.366033673286438,0.2916487455368042,0.6595240831375122,0.5030818581581116,0.4247457981109619,0.36143797636032104,0.6142686605453491,0.44125908613204956,0.3182563781738281,0.2677319347858429,0.2651725709438324,0.28079235553741455,0.30506229400634766,0.32348203659057617,0.3315366506576538,0.3854066729545593,0.40033793449401855,0.4052763879299164,0.40697765350341797,0.5014258623123169,0.4968445599079132,0.495687335729599,0.49240973591804504,0.6199613809585571,0.5949140787124634,0.5846266746520996,0.5745270252227783
Backspace,0.8911354541778564,0.8306570649147034,0.7422708868980408,0.654830276966095,0.5914096832275391,0.6670954823493958,0.48748770356178284,0.39505985379219055,0.32738229632377625,0.658303439617157,0.4607664942741394,0.3546525239944458,0.2805885970592499,0.6515387892723083,0.46676111221313477,0.36340004205703735,0.28874292969703674,0.6515588760375977,0.49817392230033875,0.4201282262802124,0.3566392958164215,0.6188768148422241,0.4419437646865845,0.3161091208457947,0.2680432200431824,0.2613738179206848,0.28390562534332275,0.3052636981010437,0.32199281454086304,0.3308734893798828,0.387699156999588,0.40083613991737366,0.403729647397995,0.40502065420150757,0.5019915103912354,0.4986266493797302,0.49616384506225586,0.4930546283721924,0.6190167665481567,0.6005203127861023,0.5931825041770935,0.5856572389602661
Backspace,0.8892133235931396,0.8241584300994873,0.7310178875923157,0.6366700530052185,0.5722910165786743,0.6626724600791931,0.4824149012565613,0.3905671238899231,0.3226364254951477,0.6537845134735107,0.4568447768688202,0.35052967071533203,0.2754872739315033,0.6478514671325684,0.4635046422481537,0.36084049940109253,0.28671351075172424,0.6485701203346252,0.4966902434825897,0.4187648296356201,0.35462066531181335,0.6128199696540833,0.4385525584220886,0.3220956325531006,0.292929470539093,0.3098483681678772,0.2785654067993164,0.30410119891166687,0.32376039028167725,0.333646684885025,0.38326746225357056,0.3997662365436554,0.4042099118232727,0.4066912531852722,0.4991050064563751,0.4975203275680542,0.49685195088386536,0.49507567286491394,0.6182155609130859,0.6002126932144165,0.5922904014587402,0.5838225483894348
Backspace,0.8893920183181763,0.8246469497680664,0.7361294627189636,0.6540515422821045,0.5960791707038879,0.6642056703567505,0.48517823219299316,0.39161527156829834,0.3223835825920105,0.6551729440689087,0.4579482674598694,0.35074475407600403,0.2762267589569092,0.6487700343132019,0.4651116728782654,0.36207470297813416,0.28839096426963806,0.649416446685791,0.49636876583099365,0.41919004917144775,0.35646429657936096,0.6110163331031799,0.43744391202926636,0.3154200315475464,0.264625608921051,0.2567294239997864,0.28415390849113464,0.30565327405929565,0.3235754072666168,0.3350914716720581,0.39062437415122986,0.40211641788482666,0.4067237973213196,0.4111796021461487,0.5061485171318054,0.5000503659248352,0.499937504529953,0.5014211535453796,0.6219943761825562,0.5984221696853638,0.5917762517929077,0.587393045425415
Backspace,0.8910259008407593,0.8291842937469482,0.7384131550788879,0.6480331420898438,0.5843836069107056,0.661530077457428,0.48290419578552246,0.38986003398895264,0.32096800208091736,0.6537206172943115,0.45679938793182373,0.35051700472831726,0.2762179374694824,0.6497945189476013,0.46483778953552246,0.36063918471336365,0.2851327657699585,0.6531474590301514,0.4989126920700073,0.41984790563583374,0.3560478985309601,0.6084789037704468,0.4332067370414734,0.3130701184272766,0.2735317647457123,0.27899831533432007,0.27704793214797974,0.30499082803726196,0.3264150619506836,0.33804112672805786,0.38172975182533264,0.4010385274887085,0.40647563338279724,0.40954697132110596,0.4979988932609558,0.49998459219932556,0.4997636675834656,0.4976552128791809,0.6176284551620483,0.6008049845695496,0.5934591889381409,0.5849868655204773
Backspace,0.8887781500816345,0.8203698396682739,0.7320788502693176,0.6479555368423462,0.5881760120391846,0.6623916625976562,0.4787980914115906,0.38596001267433167,0.3179158568382263,0.6554110050201416,0.45212259888648987,0.34431901574134827,0.2699783146381378,0.6497406363487244,0.45931798219680786,0.3555520474910736,0.2811845541000366,0.6508837342262268,0.4926503896713257,0.41463959217071533,0.3526976704597473,0.603675365447998,0.4330946207046509,0.312372624874115,0.26287853717803955,0.2602415680885315,0.2883375287055969,0.3124224543571472,0.3326450288295746,0.3428245484828949,0.3938997983932495,0.40761229395866394,0.4109764099121094,0.41189247369766235,0.5084195733070374,0.503908097743988,0.5004256367683411,0.4960997998714447,0.6235164999961853,0.6018906235694885,0.592796266078949,0.5835288763046265
Backspace,0.8848179578781128,0.8202455639839172,0.731895923614502,0.6462259292602539,0.5858457088470459,0.660207211971283,0.4797840714454651,0.3878990411758423,0.32013070583343506,0.6542942523956299,0.45406365394592285,0.3480626940727234,0.27439337968826294,0.6500192880630493,0.46246254444122314,0.3595903217792511,0.2850700318813324,0.6524343490600586,0.4962785542011261,0.41961100697517395,0.3580211102962494,0.6075707077980042,0.43790119886398315,0.31568288803100586,0.27270349860191345,0.2782209813594818,0.2803504467010498,0.3102353811264038,0.3314692974090576,0.3423827886581421,0.384033203125,0.4038010537624359,0.411129891872406,0.41522374749183655,0.49823683500289917,0.4978865385055542,0.4992295503616333,0.49741464853286743,0.6161486506462097,0.5986636877059937,0.5934630632400513,0.588023841381073
Backspace,0.8961677551269531,0.8211737871170044,0.7227187752723694,0.6280238032341003,0.5632959604263306,0.6621295809745789,0.4802963435649872,0.3876113295555115,0.3191947042942047,0.656592607498169,0.45782655477523804,0.3500693142414093,0.2756436765193939,0.6543334126472473,0.4681497812271118,0.362861692905426,0.2880452275276184,0.6583253145217896,0.5024879574775696,0.4217846989631653,0.35640281438827515,0.6029395461082458,0.4372379183769226,0.3259854316711426,0.3045922517776489,0.3246108591556549,0.28967970609664917,0.3162778615951538,0.3376377820968628,0.3482673764228821,0.3959808647632599,0.4133266806602478,0.41780945658683777,0.41902679204940796,0.5116499662399292,0.5105003714561462,0.5092781782150269,0.5069326162338257,0.628764808177948,0.6104875802993774,0.604745090007782,0.5994949340820312
Backspace,0.8921984434127808,0.8247024416923523,0.7299787402153015,0.6404223442077637,0.5786786675453186,0.6636918783187866,0.48342064023017883,0.39146721363067627,0.32183364033699036,0.6552431583404541,0.4572370648384094,0.35050201416015625,0.27636757493019104,0.650798499584198,0.4652378261089325,0.362487256526947,0.2893387973308563,0.6531600952148438,0.49822917580604553,0.41866564750671387,0.3549457788467407,0.6170091032981873,0.4434051215648651,0.3275284767150879,0.28798264265060425,0.294128954410553,0.28652411699295044,0.31823110580444336,0.3397473096847534,0.34992745518684387,0.39211979508399963,0.41217276453971863,0.4197295904159546,0.42380189895629883,0.5081032514572144,0.5074124336242676,0.5093042850494385,0.5093270540237427,0.6252664923667908,0.6052739024162292,0.6013587117195129,0.5992588400840759
Backspace,0.8876535892486572,0.8191215991973877,0.7275702953338623,0.6408651471138,0.5776762366294861,0.6579303741455078,0.47906267642974854,0.38544848561286926,0.31548061966896057,0.6526231169700623,0.45411375164985657,0.34561392664909363,0.26970425248146057,0.6481463313102722,0.46203333139419556,0.35799238085746765,0.28331857919692993,0.6496527194976807,0.4943220019340515,0.41575250029563904,0.3529951274394989,0.6148908138275146,0.4474368989467621,0.3299395442008972,0.2841431498527527,0.2835688591003418,0.29340845346450806,0.31649163365364075,0.3359171450138092,0.34861016273498535,0.3978051245212555,0.41257205605506897,0.41647103428840637,0.42034438252449036,0.5128849744796753,0.510555624961853,0.5076490640640259,0.5054523348808289,0.6302616596221924,0.6105189323425293,0.6032857894897461,0.5972543358802795
Backspace,0.8912593126296997,0.8208087682723999,0.7298019528388977,0.6445159316062927,0.5839436054229736,0.6578277945518494,0.47639504075050354,0.3835330307483673,0.31462857127189636,0.6511714458465576,0.4510148763656616,0.3430520296096802,0.26803115010261536,0.6474547982215881,0.4612952470779419,0.357248455286026,0.2825905680656433,0.6507914066314697,0.4974101185798645,0.4195578396320343,0.3561219573020935,0.612881600856781,0.4456275701522827,0.33173447847366333,0.29391536116600037,0.300342857837677,0.2927054762840271,0.32143309712409973,0.3430720567703247,0.3544895052909851,0.39774906635284424,0.4173666834831238,0.4232497811317444,0.42552754282951355,0.5144689083099365,0.5133167505264282,0.5115001797676086,0.5073185563087463,0.6342228651046753,0.612789511680603,0.605984091758728,0.5997328758239746
Backspace,0.8854159712791443,0.821036696434021,0.7332913279533386,0.6510274410247803,0.5916367769241333,0.6569554805755615,0.4750595688819885,0.3814904987812042,0.31213027238845825,0.651119589805603,0.4484512209892273,0.34018898010253906,0.26597899198532104,0.6479055881500244,0.45781397819519043,0.35316747426986694,0.27808675169944763,0.6525532603263855,0.494210422039032,0.41413402557373047,0.34966444969177246,0.6208958029747009,0.4494141936302185,0.3285670280456543,0.27633771300315857,0.26993173360824585,0.29679712653160095,0.32275038957595825,0.34241557121276855,0.3531225919723511,0.39803916215896606,0.41730403900146484,0.4232407212257385,0.4260648488998413,0.512249767780304,0.5135828256607056,0.5142126083374023,0.5123335123062134,0.6316483020782471,0.6151160597801208,0.6118077039718628,0.6089174747467041
Backspace,0.8864082098007202,0.8183866739273071,0.7262394428253174,0.6407272815704346,0.5805396437644958,0.6536992788314819,0.47194355726242065,0.3790171146392822,0.31071725487709045,0.6520408391952515,0.4491506516933441,0.3403654992580414,0.26450586318969727,0.6507302522659302,0.4608389139175415,0.3549898564815521,0.27908629179000854,0.6551525592803955,0.49740925431251526,0.41882461309432983,0.35623010993003845,0.6197593212127686,0.45302844047546387,0.340257465839386,0.3028104603290558,0.304043173789978,0.2974025011062622,0.3241012394428253,0.3457869589328766,0.35727739334106445,0.40022334456443787,0.4189463257789612,0.4257032871246338,0.4288684129714966,0.5154433250427246,0.5131270289421082,0.5130159258842468,0.5111092329025269,0.6343954801559448,0.6120439767837524,0.6027874946594238,0.5941709876060486
